epoch,train_loss,train_acc,val_loss,val_acc
0,40.13322067260742,0.5707908163265306,58.59375,0.4140625
1,41.60289001464844,0.5839710884353742,58.59375,0.4140625
2,41.55506134033203,0.5844494047619048,58.59375,0.4140625
3,41.794219970703125,0.5820578231292517,58.59375,0.4140625
4,41.74638748168945,0.5825361394557823,58.59375,0.4140625
5,41.65072250366211,0.5834927721088435,58.59375,0.4140625
